ID,audio_name,filePath,ZCR,ZCR_mean,rmse,chroma_stft,spec_cent,spec_bw,rolloff,zcr
1,Metre_High.mp3,sample_music\Metre_High.mp3,359376,0.03820677689324352,0.16413,0.391381,1769.099273234051,2308.9228108007014,4036.448269774912,0.03817935730153222
2,Metre_Lite.mp3,sample_music\Metre_Lite.mp3,681812,0.09865000324101082,0.079676546,0.3683876,2873.1348539874516,2796.4010292395296,5969.687755733642,0.09858307646631231
3,Metre_Micro.mp3,sample_music\Metre_Micro.mp3,806812,0.10209295027534823,0.15167482,0.51122004,2566.112672365147,2581.8423160386646,5270.455134684139,0.10202920779751878
4,Metre_Repeat.mp3,sample_music\Metre_Repeat.mp3,717378,0.0734994344447723,0.10869654,0.38245365,2121.856974445062,2461.5914242283634,4844.556168633452,0.07345518303477759
5,Metre_Slide.mp3,sample_music\Metre_Slide.mp3,642052,0.06904568948904306,0.18280321,0.4141396,2029.197274026768,2403.992117676513,4466.512476643795,0.0689997350382646
6,Metre_Waves.mp3,sample_music\Metre_Waves.mp3,667170,0.0709992184626701,0.10356696,0.33331156,2190.6591515758782,2665.451553608948,5253.081451346181,0.07095180950848588
